epoch,loss,lr-Adam,seq_len,step,valid/recall_top_k
,,0.002,,49,
0,232.852294921875,,43.9765625,49,
,,0.002,,99,
0,214.77757263183594,,43.28125,99,
0,,,,102,0.6343123912811279
,,0.002,,149,
1,196.3819580078125,,43.93281173706055,149,
,,0.002,,199,
1,193.95977783203125,,44.46562576293945,199,
1,,,,205,0.672897219657898
,,0.002,,249,
2,193.4387969970703,,43.84218978881836,249,
,,0.002,,299,
2,183.53140258789062,,43.40625,299,
2,,,,308,0.694726288318634
,,0.002,,349,
3,185.13966369628906,,43.65312576293945,349,
,,0.002,,399,
3,178.8460693359375,,44.20156478881836,399,
3,,,,411,0.728905200958252
,,0.002,,449,
4,188.26153564453125,,43.384376525878906,449,
,,0.002,,499,
4,183.30589294433594,,43.77812576293945,499,
4,,,,514,0.7257676720619202
,,0.002,,549,
5,178.18560791015625,,43.837501525878906,549,
,,0.002,,599,
5,175.58615112304688,,44.095314025878906,599,
5,,,,617,0.7162883877754211
,,0.002,,649,
6,181.2105712890625,,43.52968978881836,649,
,,0.002,,699,
6,172.52032470703125,,44.22500228881836,699,
6,,,,720,0.7327103018760681
,,0.002,,749,
7,173.7274169921875,,44.015625,749,
,,0.002,,799,
7,177.76461791992188,,44.47343826293945,799,
7,,,,823,0.7345126867294312
,,0.002,,849,
8,169.2372283935547,,43.87031173706055,849,
,,0.002,,899,
8,179.51539611816406,,42.87343978881836,899,
8,,,,926,0.7365821003913879
,,0.002,,949,
9,164.91775512695312,,43.83437728881836,949,
,,0.002,,999,
9,183.32789611816406,,43.515625,999,
9,,,,1029,0.7428571581840515
,,0.001805,,1049,
10,188.4005126953125,,44.04999923706055,1049,
,,0.001805,,1099,
10,169.03968811035156,,44.392189025878906,1099,
10,,,,1132,0.7463951706886292
,,0.001805,,1149,
11,172.67953491210938,,44.66875076293945,1149,
,,0.001805,,1199,
11,176.33416748046875,,43.45156478881836,1199,
11,,,,1235,0.7385179996490479
,,0.001805,,1249,
12,169.4970703125,,43.375,1249,
,,0.001805,,1299,
12,172.00607299804688,,44.875,1299,
12,,,,1338,0.7463951706886292
,,0.001805,,1349,
13,173.80364990234375,,44.03750228881836,1349,
,,0.001805,,1399,
13,172.0489501953125,,43.67812728881836,1399,
13,,,,1441,0.7620827555656433
,,0.001805,,1449,
14,167.9019775390625,,43.70156478881836,1449,
,,0.001805,,1499,
14,178.16482543945312,,43.978126525878906,1499,
14,,,,1544,0.7404539585113525
,,0.001805,,1549,
15,177.67495727539062,,43.728126525878906,1549,
,,0.001805,,1599,
15,170.8765869140625,,43.109375,1599,
15,,,,1647,0.7544726133346558
,,0.001805,,1649,
16,173.40380859375,,43.79218673706055,1649,
,,0.001805,,1699,
16,169.9850616455078,,44.06562423706055,1699,
,,0.001805,,1749,
16,174.7476806640625,,43.04531478881836,1749,
16,,,,1750,0.7610814571380615
,,0.001805,,1799,
17,172.1871337890625,,43.50312423706055,1799,
,,0.001805,,1849,
17,159.89022827148438,,43.48749923706055,1849,
17,,,,1853,0.7589452862739563
,,0.001805,,1899,
18,175.36892700195312,,43.470314025878906,1899,
,,0.001805,,1949,
18,174.10467529296875,,45.37343978881836,1949,
18,,,,1956,0.7632843852043152
,,0.001805,,1999,
19,164.2982177734375,,43.92656326293945,1999,
,,0.001805,,2049,
19,177.36737060546875,,44.63125228881836,2049,
19,,,,2059,0.7570093274116516
,,0.0016290125,,2099,
20,163.12139892578125,,43.67656326293945,2099,
,,0.0016290125,,2149,
20,157.98373413085938,,43.78437423706055,2149,
20,,,,2162,0.7625500559806824
,,0.0016290125,,2199,
21,170.2532958984375,,44.09687423706055,2199,
,,0.0016290125,,2249,
21,163.93206787109375,,44.76874923706055,2249,
21,,,,2265,0.7572095990180969
,,0.0016290125,,2299,
22,159.12030029296875,,45.34062576293945,2299,
,,0.0016290125,,2349,
22,173.2552490234375,,44.29375076293945,2349,
22,,,,2368,0.7657543420791626
,,0.0016290125,,2399,
23,172.53895568847656,,43.06875228881836,2399,
,,0.0016290125,,2449,
23,165.279541015625,,43.68437576293945,2449,
23,,,,2471,0.7716288566589355
,,0.0016290125,,2499,
24,171.05433654785156,,42.95937728881836,2499,
,,0.0016290125,,2549,
24,172.03005981445312,,44.40156173706055,2549,
24,,,,2574,0.7580106854438782
,,0.0016290125,,2599,
25,166.17758178710938,,44.20781326293945,2599,
,,0.0016290125,,2649,
25,164.89846801757812,,44.4296875,2649,
25,,,,2677,0.7663551568984985
,,0.0016290125,,2699,
26,166.63540649414062,,44.34687423706055,2699,
,,0.0016290125,,2749,
26,165.37896728515625,,43.41718673706055,2749,
26,,,,2780,0.7641522288322449
,,0.0016290125,,2799,
27,170.03305053710938,,44.626564025878906,2799,
,,0.0016290125,,2849,
27,170.23483276367188,,42.97343826293945,2849,
27,,,,2883,0.7667557001113892
,,0.0016290125,,2899,
28,174.60311889648438,,44.99843978881836,2899,
,,0.0016290125,,2949,
28,159.41030883789062,,45.8125,2949,
28,,,,2986,0.758745014667511
,,0.0016290125,,2999,
29,162.97824096679688,,43.75468826293945,2999,
,,0.0016290125,,3049,
29,162.90577697753906,,44.07500076293945,3049,
29,,,,3089,0.767756998538971
,,0.00147018378125,,3099,
30,182.5528564453125,,43.62812423706055,3099,
,,0.00147018378125,,3149,
30,161.36900329589844,,44.41718673706055,3149,
30,,,,3192,0.7613484859466553
,,0.00147018378125,,3199,
31,165.15878295898438,,44.76250076293945,3199,
,,0.00147018378125,,3249,
31,171.6073455810547,,42.29218673706055,3249,
31,,,,3295,0.7650867700576782
,,0.00147018378125,,3299,
32,174.49429321289062,,44.27656173706055,3299,
,,0.00147018378125,,3349,
32,163.21665954589844,,42.65468978881836,3349,
32,,,,3398,0.7661548852920532
,,0.00147018378125,,3399,
33,154.14791870117188,,44.66875076293945,3399,
,,0.00147018378125,,3449,
33,163.65145874023438,,44.66093826293945,3449,
,,0.00147018378125,,3499,
33,166.32467651367188,,44.001564025878906,3499,
33,,,,3501,0.7762349843978882
,,0.00147018378125,,3549,
34,169.86190795898438,,42.96718978881836,3549,
,,0.00147018378125,,3599,
34,164.9564208984375,,44.15312576293945,3599,
34,,,,3604,0.7649532556533813
,,0.00147018378125,,3649,
35,168.83114624023438,,43.62343978881836,3649,
,,0.00147018378125,,3699,
35,171.47933959960938,,43.48749923706055,3699,
35,,,,3707,0.7613484859466553
,,0.00147018378125,,3749,
36,154.90771484375,,43.751564025878906,3749,
,,0.00147018378125,,3799,
36,168.11187744140625,,44.953125,3799,
36,,,,3810,0.7656208276748657
,,0.00147018378125,,3849,
37,162.74542236328125,,44.796875,3849,
,,0.00147018378125,,3899,
37,157.3872528076172,,45.03750228881836,3899,
37,,,,3913,0.7736982703208923
,,0.00147018378125,,3949,
38,168.68942260742188,,44.27968978881836,3949,
,,0.00147018378125,,3999,
38,165.12522888183594,,44.203125,3999,
38,,,,4016,0.7793057560920715
,,0.00147018378125,,4049,
39,162.07809448242188,,44.21406173706055,4049,
,,0.00147018378125,,4099,
39,171.08450317382812,,44.22968673706055,4099,
39,,,,4119,0.7767690420150757
,,0.001326840862578125,,4149,
40,164.24392700195312,,44.095314025878906,4149,
,,0.001326840862578125,,4199,
40,155.77870178222656,,43.48749923706055,4199,
40,,,,4222,0.7713618278503418
,,0.001326840862578125,,4249,
41,154.4993438720703,,44.75625228881836,4249,
,,0.001326840862578125,,4299,
41,155.07266235351562,,43.359375,4299,
41,,,,4325,0.7673564553260803
,,0.001326840862578125,,4349,
42,161.45516967773438,,44.29218673706055,4349,
,,0.001326840862578125,,4399,
42,162.59852600097656,,44.44843673706055,4399,
42,,,,4428,0.7720961570739746
,,0.001326840862578125,,4449,
43,163.2482147216797,,42.83281326293945,4449,
,,0.001326840862578125,,4499,
43,156.5780792236328,,44.4921875,4499,
43,,,,4531,0.7672229409217834
,,0.001326840862578125,,4549,
44,163.1639862060547,,44.65468978881836,4549,
,,0.001326840862578125,,4599,
44,172.45729064941406,,43.91250228881836,4599,
44,,,,4634,0.7723631262779236
,,0.001326840862578125,,4649,
45,162.42599487304688,,45.040626525878906,4649,
,,0.001326840862578125,,4699,
45,154.76255798339844,,43.28750228881836,4699,
45,,,,4737,0.7689586281776428
,,0.001326840862578125,,4749,
46,159.9565887451172,,44.11406326293945,4749,
,,0.001326840862578125,,4799,
46,151.63185119628906,,44.09687423706055,4799,
46,,,,4840,0.769559383392334
,,0.001326840862578125,,4849,
47,160.05386352539062,,44.29531478881836,4849,
,,0.001326840862578125,,4899,
47,161.33563232421875,,44.15312576293945,4899,
47,,,,4943,0.7644191980361938
,,0.001326840862578125,,4949,
48,158.3973388671875,,43.60781478881836,4949,
,,0.001326840862578125,,4999,
48,160.20245361328125,,43.689064025878906,4999,
48,,,,5046,0.7765687704086304
,,0.001326840862578125,,5049,
49,162.41424560546875,,44.44843673706055,5049,
,,0.001326840862578125,,5099,
49,173.9654998779297,,44.517189025878906,5099,
,,0.001326840862578125,,5149,
49,72.37017822265625,,44.16393280029297,5149,
49,,,,5149,0.7703604698181152
,,0.0011974738784767578,,5199,
50,168.27215576171875,,43.37187576293945,5199,
,,0.0011974738784767578,,5249,
50,151.61279296875,,43.35468673706055,5249,
50,,,,5252,0.7794392704963684
,,0.0011974738784767578,,5299,
51,157.98748779296875,,44.31093978881836,5299,
,,0.0011974738784767578,,5349,
51,151.16769409179688,,44.07500076293945,5349,
51,,,,5355,0.7781041264533997
,,0.0011974738784767578,,5399,
52,169.57154846191406,,44.37031173706055,5399,
,,0.0011974738784767578,,5449,
52,169.5460205078125,,43.54531478881836,5449,
52,,,,5458,0.7766355276107788
,,0.0011974738784767578,,5499,
53,158.00189208984375,,43.52187728881836,5499,
,,0.0011974738784767578,,5549,
53,163.18299865722656,,42.07656478881836,5549,
53,,,,5561,0.777703583240509
,,0.0011974738784767578,,5599,
54,159.38656616210938,,44.27656173706055,5599,
,,0.0011974738784767578,,5649,
54,161.192626953125,,44.03593826293945,5649,
54,,,,5664,0.7845794558525085
,,0.0011974738784767578,,5699,
55,164.73992919921875,,44.84062576293945,5699,
,,0.0011974738784767578,,5749,
55,162.01815795898438,,43.720314025878906,5749,
55,,,,5767,0.7680907845497131
,,0.0011974738784767578,,5799,
56,152.94802856445312,,43.99843978881836,5799,
,,0.0011974738784767578,,5849,
56,159.48248291015625,,44.50312423706055,5849,
56,,,,5870,0.7838451266288757
,,0.0011974738784767578,,5899,
57,152.28939819335938,,44.09062576293945,5899,
,,0.0011974738784767578,,5949,
57,160.9994354248047,,43.77812576293945,5949,
57,,,,5973,0.7634178996086121
,,0.0011974738784767578,,5999,
58,163.21803283691406,,44.6640625,5999,
,,0.0011974738784767578,,6049,
58,156.19161987304688,,42.415626525878906,6049,
58,,,,6076,0.7709612846374512
,,0.0011974738784767578,,6099,
59,160.96197509765625,,42.58281326293945,6099,
,,0.0011974738784767578,,6149,
59,156.48934936523438,,43.337501525878906,6149,
59,,,,6179,0.7784379124641418
,,0.001080720175325274,,6199,
60,153.94752502441406,,44.157814025878906,6199,
,,0.001080720175325274,,6249,
60,166.01853942871094,,43.85781478881836,6249,
60,,,,6282,0.773030698299408
,,0.001080720175325274,,6299,
61,168.7421875,,43.55937576293945,6299,
,,0.001080720175325274,,6349,
61,151.08067321777344,,43.22968673706055,6349,
61,,,,6385,0.780707597732544
,,0.001080720175325274,,6399,
62,158.99606323242188,,45.40156173706055,6399,
,,0.001080720175325274,,6449,
62,166.610107421875,,43.51874923706055,6449,
62,,,,6488,0.787049412727356
,,0.001080720175325274,,6499,
63,157.11929321289062,,44.765625,6499,
,,0.001080720175325274,,6549,
63,158.46456909179688,,43.34843826293945,6549,
63,,,,6591,0.7824432849884033
,,0.001080720175325274,,6599,
64,160.52450561523438,,43.92031478881836,6599,
,,0.001080720175325274,,6649,
64,152.04598999023438,,43.265625,6649,
64,,,,6694,0.7848464846611023
,,0.001080720175325274,,6699,
65,166.36277770996094,,44.53437423706055,6699,
,,0.001080720175325274,,6749,
65,156.7172088623047,,42.52656173706055,6749,
65,,,,6797,0.7841789126396179
,,0.001080720175325274,,6799,
66,154.19741821289062,,43.63593673706055,6799,
,,0.001080720175325274,,6849,
66,152.448974609375,,44.1796875,6849,
,,0.001080720175325274,,6899,
66,147.68426513671875,,44.125,6899,
66,,,,6900,0.7817089557647705
,,0.001080720175325274,,6949,
67,165.77383422851562,,44.84062576293945,6949,
,,0.001080720175325274,,6999,
67,160.488037109375,,43.375,6999,
67,,,,7003,0.7759679555892944
,,0.001080720175325274,,7049,
68,163.859130859375,,43.423439025878906,7049,
,,0.001080720175325274,,7099,
68,160.11599731445312,,43.87187576293945,7099,
68,,,,7106,0.7787049412727356
,,0.001080720175325274,,7149,
69,154.25067138671875,,43.80781173706055,7149,
,,0.001080720175325274,,7199,
69,160.35006713867188,,44.74062728881836,7199,
69,,,,7209,0.782977283000946
,,0.0009753499582310596,,7249,
70,152.22317504882812,,42.86562728881836,7249,
,,0.0009753499582310596,,7299,
70,163.38436889648438,,43.71875,7299,
70,,,,7312,0.7802402973175049
,,0.0009753499582310596,,7349,
71,155.3009796142578,,43.02968978881836,7349,
,,0.0009753499582310596,,7399,
71,160.67373657226562,,43.94062423706055,7399,
71,,,,7415,0.779839813709259
,,0.0009753499582310596,,7449,
72,159.78378295898438,,43.73749923706055,7449,
,,0.0009753499582310596,,7499,
72,158.32489013671875,,41.95156478881836,7499,
72,,,,7518,0.7711615562438965
,,0.0009753499582310596,,7549,
73,159.22854614257812,,43.13906478881836,7549,
,,0.0009753499582310596,,7599,
73,167.3582305908203,,44.7734375,7599,
73,,,,7621,0.7898531556129456
,,0.0009753499582310596,,7649,
74,164.63815307617188,,43.78750228881836,7649,
,,0.0009753499582310596,,7699,
74,160.63638305664062,,42.548439025878906,7699,
74,,,,7724,0.7774365544319153
,,0.0009753499582310596,,7749,
75,161.35122680664062,,44.2578125,7749,
,,0.0009753499582310596,,7799,
75,162.2723846435547,,44.53750228881836,7799,
75,,,,7827,0.785113513469696
,,0.0009753499582310596,,7849,
76,157.32357788085938,,44.6875,7849,
,,0.0009753499582310596,,7899,
76,155.5133514404297,,42.9296875,7899,
76,,,,7930,0.7769025564193726
,,0.0009753499582310596,,7949,
77,161.02719116210938,,43.87968826293945,7949,
,,0.0009753499582310596,,7999,
77,164.1361083984375,,42.60625076293945,7999,
77,,,,8033,0.7831107974052429
,,0.0009753499582310596,,8049,
78,157.89913940429688,,45.079689025878906,8049,
,,0.0009753499582310596,,8099,
78,158.262939453125,,43.61249923706055,8099,
78,,,,8136,0.781174898147583
,,0.0009753499582310596,,8149,
79,153.96067810058594,,43.275001525878906,8149,
,,0.0009753499582310596,,8199,
79,159.4705352783203,,43.9375,8199,
79,,,,8239,0.7795060276985168
,,0.0008802533373035312,,8249,
80,147.42750549316406,,45.15312576293945,8249,
,,0.0008802533373035312,,8299,
80,153.3921356201172,,44.8125,8299,
80,,,,8342,0.7734312415122986
,,0.0008802533373035312,,8349,
81,157.55474853515625,,45.03593826293945,8349,
,,0.0008802533373035312,,8399,
81,148.05899047851562,,45.08437728881836,8399,
81,,,,8445,0.7815086841583252
,,0.0008802533373035312,,8449,
82,156.12954711914062,,43.80781173706055,8449,
,,0.0008802533373035312,,8499,
82,157.8373260498047,,43.946876525878906,8499,
82,,,,8548,0.7799065709114075
,,0.0008802533373035312,,8549,
83,163.8706817626953,,43.0546875,8549,
,,0.0008802533373035312,,8599,
83,158.4679718017578,,43.625,8599,
,,0.0008802533373035312,,8649,
83,158.48721313476562,,44.704689025878906,8649,
83,,,,8651,0.7865821123123169
,,0.0008802533373035312,,8699,
84,155.63180541992188,,43.12187576293945,8699,
,,0.0008802533373035312,,8749,
84,148.0984344482422,,44.29375076293945,8749,
84,,,,8754,0.7734312415122986
,,0.0008802533373035312,,8799,
85,168.84042358398438,,42.79531478881836,8799,
,,0.0008802533373035312,,8849,
85,164.92791748046875,,44.31875228881836,8849,
85,,,,8857,0.7873164415359497
,,0.0008802533373035312,,8899,
86,158.21971130371094,,44.51406478881836,8899,
,,0.0008802533373035312,,8949,
86,171.24807739257812,,44.09218978881836,8949,
86,,,,8960,0.7837116122245789
,,0.0008802533373035312,,8999,
87,156.84120178222656,,44.46875,8999,
,,0.0008802533373035312,,9049,
87,155.09530639648438,,43.43437576293945,9049,
87,,,,9063,0.7889185547828674
,,0.0008802533373035312,,9099,
88,149.8582763671875,,44.08437728881836,9099,
,,0.0008802533373035312,,9149,
88,153.43621826171875,,44.9140625,9149,
88,,,,9166,0.7742323279380798
,,0.0008802533373035312,,9199,
89,153.48841857910156,,43.3515625,9199,
,,0.0008802533373035312,,9249,
89,149.22947692871094,,43.28437423706055,9249,
89,,,,9269,0.7789052128791809
,,0.0007944286369164369,,9299,
90,157.53640747070312,,44.9296875,9299,
,,0.0007944286369164369,,9349,
90,164.39013671875,,43.38125228881836,9349,
90,,,,9372,0.7863150835037231
,,0.0007944286369164369,,9399,
91,151.5910186767578,,43.64374923706055,9399,
,,0.0007944286369164369,,9449,
91,163.62527465820312,,43.90312576293945,9449,
91,,,,9475,0.7867156267166138
,,0.0007944286369164369,,9499,
92,151.27783203125,,44.4140625,9499,
,,0.0007944286369164369,,9549,
92,163.0612030029297,,43.78437423706055,9549,
92,,,,9578,0.7750333547592163
,,0.0007944286369164369,,9599,
93,155.47479248046875,,44.407814025878906,9599,
,,0.0007944286369164369,,9649,
93,168.80545043945312,,43.88125228881836,9649,
93,,,,9681,0.7774365544319153
,,0.0007944286369164369,,9699,
94,162.6033172607422,,44.625,9699,
,,0.0007944286369164369,,9749,
94,162.4901123046875,,43.7890625,9749,
94,,,,9784,0.7767022848129272
,,0.0007944286369164369,,9799,
95,153.27822875976562,,44.40312576293945,9799,
,,0.0007944286369164369,,9849,
95,163.43203735351562,,42.12968826293945,9849,
95,,,,9887,0.7919225692749023
,,0.0007944286369164369,,9899,
96,152.3906707763672,,42.91250228881836,9899,
,,0.0007944286369164369,,9949,
96,158.98907470703125,,44.6875,9949,
96,,,,9990,0.7800400257110596
,,0.0007944286369164369,,9999,
97,143.89556884765625,,43.26250076293945,9999,
,,0.0007944286369164369,,10049,
97,157.77273559570312,,43.18437576293945,10049,
97,,,,10093,0.784646213054657
,,0.0007944286369164369,,10099,
98,152.80987548828125,,43.97968673706055,10099,
,,0.0007944286369164369,,10149,
98,151.90325927734375,,44.10468673706055,10149,
98,,,,10196,0.7887850403785706
,,0.0007944286369164369,,10199,
99,163.4331817626953,,43.48906326293945,10199,
,,0.0007944286369164369,,10249,
99,152.84750366210938,,43.65468978881836,10249,
,,0.0007944286369164369,,10299,
99,70.8018798828125,,43.5836067199707,10299,
99,,,,10299,0.7777703404426575
,,0.0007169718448170843,,10349,
100,152.90362548828125,,43.91250228881836,10349,
,,0.0007169718448170843,,10399,
100,155.94349670410156,,43.44218826293945,10399,
100,,,,10402,0.7792389988899231
,,0.0007169718448170843,,10449,
101,156.47494506835938,,44.0078125,10449,
,,0.0007169718448170843,,10499,
101,158.8934326171875,,44.00625228881836,10499,
101,,,,10505,0.7881174683570862
,,0.0007169718448170843,,10549,
102,154.80165100097656,,44.83906173706055,10549,
,,0.0007169718448170843,,10599,
102,156.1990966796875,,43.8515625,10599,
102,,,,10608,0.7816421985626221
,,0.0007169718448170843,,10649,
103,166.13343811035156,,43.454689025878906,10649,
,,0.0007169718448170843,,10699,
103,151.77804565429688,,44.837501525878906,10699,
103,,,,10711,0.7860480546951294
,,0.0007169718448170843,,10749,
104,160.77560424804688,,43.32656478881836,10749,
,,0.0007169718448170843,,10799,
104,160.8124237060547,,44.67812728881836,10799,
104,,,,10814,0.7721628546714783
,,0.0007169718448170843,,10849,
105,153.86093139648438,,43.84843826293945,10849,
,,0.0007169718448170843,,10899,
105,166.45706176757812,,43.80937576293945,10899,
105,,,,10917,0.7854472398757935
,,0.0007169718448170843,,10949,
106,154.86129760742188,,44.17656326293945,10949,
,,0.0007169718448170843,,10999,
106,144.28219604492188,,44.89687728881836,10999,
106,,,,11020,0.785981297492981
,,0.0007169718448170843,,11049,
107,153.22787475585938,,44.43281173706055,11049,
,,0.0007169718448170843,,11099,
107,152.0504913330078,,44.17812728881836,11099,
107,,,,11123,0.7751668691635132
,,0.0007169718448170843,,11149,
108,156.83352661132812,,44.12343978881836,11149,
,,0.0007169718448170843,,11199,
108,155.686767578125,,44.548439025878906,11199,
108,,,,11226,0.7806408405303955
,,0.0007169718448170843,,11249,
109,161.95101928710938,,42.88906478881836,11249,
,,0.0007169718448170843,,11299,
109,159.46737670898438,,44.38750076293945,11299,
109,,,,11329,0.7857810258865356
,,0.0006470670899474185,,11349,
110,156.75161743164062,,42.85468673706055,11349,
,,0.0006470670899474185,,11399,
110,138.8520050048828,,43.85468673706055,11399,
110,,,,11432,0.781775712966919
,,0.0006470670899474185,,11449,
111,151.8709716796875,,44.110939025878906,11449,
,,0.0006470670899474185,,11499,
111,152.79322814941406,,45.953125,11499,
111,,,,11535,0.7843791842460632
,,0.0006470670899474185,,11549,
112,150.91612243652344,,43.22187423706055,11549,
,,0.0006470670899474185,,11599,
112,150.27159118652344,,43.10781478881836,11599,
112,,,,11638,0.7849132418632507
,,0.0006470670899474185,,11649,
113,143.29493713378906,,42.970314025878906,11649,
,,0.0006470670899474185,,11699,
113,157.8025360107422,,43.62968826293945,11699,
113,,,,11741,0.7893190979957581
,,0.0006470670899474185,,11749,
114,159.60693359375,,43.83437728881836,11749,
,,0.0006470670899474185,,11799,
114,153.5348663330078,,44.984375,11799,
114,,,,11844,0.7871161699295044
,,0.0006470670899474185,,11849,
115,148.7324981689453,,44.12968826293945,11849,
,,0.0006470670899474185,,11899,
115,148.51185607910156,,43.47343826293945,11899,
115,,,,11947,0.7757009267807007
,,0.0006470670899474185,,11949,
116,149.95472717285156,,43.923439025878906,11949,
,,0.0006470670899474185,,11999,
116,157.23260498046875,,45.110939025878906,11999,
,,0.0006470670899474185,,12049,
116,155.58580017089844,,44.54218673706055,12049,
116,,,,12050,0.7835113406181335
,,0.0006470670899474185,,12099,
117,146.81263732910156,,42.54531478881836,12099,
,,0.0006470670899474185,,12149,
117,146.17735290527344,,43.85781478881836,12149,
117,,,,12153,0.7781041264533997
,,0.0006470670899474185,,12199,
118,156.5231170654297,,43.6328125,12199,
,,0.0006470670899474185,,12249,
118,153.8530731201172,,42.45937728881836,12249,
118,,,,12256,0.7874499559402466
,,0.0006470670899474185,,12299,
119,153.62051391601562,,45.53750228881836,12299,
,,0.0006470670899474185,,12349,
119,158.77377319335938,,44.1640625,12349,
119,,,,12359,0.7863150835037231
,,0.0005839780486775451,,12399,
120,154.83267211914062,,45.31562423706055,12399,
,,0.0005839780486775451,,12449,
120,150.9300994873047,,43.64687728881836,12449,
120,,,,12462,0.7809746265411377
,,0.0005839780486775451,,12499,
121,156.0394744873047,,43.071876525878906,12499,
,,0.0005839780486775451,,12549,
121,158.16015625,,44.90468978881836,12549,
121,,,,12565,0.7809078693389893
,,0.0005839780486775451,,12599,
122,153.5528564453125,,45.86249923706055,12599,
,,0.0005839780486775451,,12649,
122,142.36117553710938,,44.0546875,12649,
122,,,,12668,0.7791722416877747
,,0.0005839780486775451,,12699,
123,144.70452880859375,,44.12812423706055,12699,
,,0.0005839780486775451,,12749,
123,153.50241088867188,,44.415626525878906,12749,
123,,,,12771,0.7828437685966492
,,0.0005839780486775451,,12799,
124,155.91754150390625,,43.625,12799,
,,0.0005839780486775451,,12849,
124,166.89305114746094,,44.712501525878906,12849,
124,,,,12874,0.7821762561798096
,,0.0005839780486775451,,12899,
125,146.4464569091797,,43.04375076293945,12899,
,,0.0005839780486775451,,12949,
125,153.78976440429688,,44.165626525878906,12949,
125,,,,12977,0.7845794558525085
,,0.0005839780486775451,,12999,
126,153.94064331054688,,43.9453125,12999,
,,0.0005839780486775451,,13049,
126,155.14886474609375,,43.05781173706055,13049,
126,,,,13080,0.7861148118972778
,,0.0005839780486775451,,13099,
127,147.81927490234375,,44.37812423706055,13099,
,,0.0005839780486775451,,13149,
127,159.1021270751953,,45.26250076293945,13149,
127,,,,13183,0.7949933409690857
,,0.0005839780486775451,,13199,
128,143.58389282226562,,43.493751525878906,13199,
,,0.0005839780486775451,,13249,
128,150.73980712890625,,43.17656326293945,13249,
128,,,,13286,0.7735647559165955
,,0.0005839780486775451,,13299,
129,144.7553253173828,,44.3125,13299,
,,0.0005839780486775451,,13349,
129,154.96145629882812,,43.900001525878906,13349,
129,,,,13389,0.7772363424301147
,,0.0005270401889314845,,13399,
130,152.36917114257812,,43.95156478881836,13399,
,,0.0005270401889314845,,13449,
130,158.53269958496094,,44.29375076293945,13449,
130,,,,13492,0.7833110690116882
,,0.0005270401889314845,,13499,
131,147.48776245117188,,44.86249923706055,13499,
,,0.0005270401889314845,,13549,
131,152.68209838867188,,44.41718673706055,13549,
131,,,,13595,0.7889853119850159
,,0.0005270401889314845,,13599,
132,145.32737731933594,,42.72187423706055,13599,
,,0.0005270401889314845,,13649,
132,154.1943359375,,43.181251525878906,13649,
132,,,,13698,0.7772363424301147
,,0.0005270401889314845,,13699,
133,141.6603546142578,,43.625,13699,
,,0.0005270401889314845,,13749,
133,146.90533447265625,,44.42656326293945,13749,
,,0.0005270401889314845,,13799,
133,152.86724853515625,,43.96875,13799,
133,,,,13801,0.7831107974052429
,,0.0005270401889314845,,13849,
134,150.9595184326172,,44.54999923706055,13849,
,,0.0005270401889314845,,13899,
134,139.09201049804688,,43.77656173706055,13899,
134,,,,13904,0.7741655707359314
,,0.0005270401889314845,,13949,
135,150.30699157714844,,42.44218826293945,13949,
,,0.0005270401889314845,,13999,
135,159.33392333984375,,43.196876525878906,13999,
135,,,,14007,0.787516713142395
,,0.0005270401889314845,,14049,
136,161.43927001953125,,42.234375,14049,
,,0.0005270401889314845,,14099,
136,150.67343139648438,,43.07343673706055,14099,
136,,,,14110,0.7847129702568054
,,0.0005270401889314845,,14149,
137,145.23648071289062,,43.90312576293945,14149,
,,0.0005270401889314845,,14199,
137,152.74159240722656,,43.16718673706055,14199,
137,,,,14213,0.7791054844856262
,,0.0005270401889314845,,14249,
138,146.74813842773438,,45.1640625,14249,
,,0.0005270401889314845,,14299,
138,141.39772033691406,,44.618751525878906,14299,
138,,,,14316,0.7857142686843872
,,0.0005270401889314845,,14349,
139,148.2147216796875,,43.6015625,14349,
,,0.0005270401889314845,,14399,
139,150.56163024902344,,43.47187423706055,14399,
139,,,,14419,0.782977283000946
,,0.00047565377051066475,,14449,
140,152.16409301757812,,44.16093826293945,14449,
,,0.00047565377051066475,,14499,
140,145.8789520263672,,43.6875,14499,
140,,,,14522,0.7887850403785706
,,0.00047565377051066475,,14549,
141,146.01437377929688,,43.845314025878906,14549,
,,0.00047565377051066475,,14599,
141,143.0349578857422,,44.134376525878906,14599,
141,,,,14625,0.7825767397880554
,,0.00047565377051066475,,14649,
142,144.11749267578125,,44.24843978881836,14649,
,,0.00047565377051066475,,14699,
142,155.24159240722656,,42.8828125,14699,
142,,,,14728,0.7731642127037048
,,0.00047565377051066475,,14749,
143,155.3916473388672,,44.453125,14749,
,,0.00047565377051066475,,14799,
143,158.79315185546875,,43.22343826293945,14799,
143,,,,14831,0.7871161699295044
,,0.00047565377051066475,,14849,
144,148.10888671875,,42.6953125,14849,
,,0.00047565377051066475,,14899,
144,151.018310546875,,44.376564025878906,14899,
144,,,,14934,0.7789052128791809
,,0.00047565377051066475,,14949,
145,155.94493103027344,,44.73281478881836,14949,
,,0.00047565377051066475,,14999,
145,160.28863525390625,,43.946876525878906,14999,
145,,,,15037,0.7793057560920715
,,0.00047565377051066475,,15049,
146,142.2915496826172,,44.96875,15049,
,,0.00047565377051066475,,15099,
146,143.42193603515625,,45.23906326293945,15099,
146,,,,15140,0.7797062993049622
,,0.00047565377051066475,,15149,
147,142.95401000976562,,45.37031173706055,15149,
,,0.00047565377051066475,,15199,
147,151.73202514648438,,44.33906173706055,15199,
147,,,,15243,0.7778370976448059
,,0.00047565377051066475,,15249,
148,147.80966186523438,,44.150001525878906,15249,
,,0.00047565377051066475,,15299,
148,155.76516723632812,,44.2421875,15299,
148,,,,15346,0.7823097705841064
,,0.00047565377051066475,,15349,
149,150.57772827148438,,42.59062576293945,15349,
,,0.00047565377051066475,,15399,
149,148.10594177246094,,43.33281326293945,15399,
,,0.00047565377051066475,,15449,
149,68.20281219482422,,44.15081787109375,15449,
149,,,,15449,0.7823097705841064
